<?xml version="1.0" encoding="UTF-8"?>
<!DOCTYPE mapper SYSTEM "http://mybatis.org/dtd/mybatis-3-mapper.dtd" >
<mapper namespace="com.alibaba.mapper.GoodsMapper">

  <!-- <cache-ref namespace=""/> -->
  
  
  <!-- List<Goods> queryGoods()-->
  <select id="queryGoods" resultType="com.alibaba.entity.Goods">
		select * from goods
  </select>
  
  <!-- List<Goods> fuzzyQueryGoods(@Param("param") String param) -->
  <select id="fuzzyQueryGoods" resultType="com.alibaba.entity.Goods">
		select * from goods
		<where>
		 <if test="param != null">
		 name like concat(concat('%',#{param}),'%')
		 </if>
		</where>
  </select>
	
	
</mapper>
