<?xml version="1.0" encoding="UTF-8"?>
<!DOCTYPE mapper SYSTEM "http://mybatis.org/dtd/mybatis-3-mapper.dtd" >
<mapper  namespace="com.alibaba.mapper.ShoppingTrolleyMapper">

 
 
 <!--  void createShoppingTrolley(ShoppingTrolley trolley) -->
 <insert id="createShoppingTrolley">
 INSERT INTO `shoppingtrolley`(userid) VALUES (#{userId})
 </insert>
 
 <!-- void insertGoods(goodsInShoppingtrolley trolley) -->
 <insert id="addGoods">
 INSERT INTO `goodsinshoppingtrolley`(shoppingtrolleyId,goodsId,quantity,amount) 
 VALUES (#{shoppingtrolleyId},#{goodsId},#{quantity},#{amount})
 </insert>
 
 <!-- void updateGoods(goodsInShoppingtrolley trolley) -->
 <update id="updateGoods">
 	update table goodsinshoppingtrolley
 	set quantity = #{quantity},
 	amount = #{amount}
 	<where>
 		<if test="shoppingtrolleyId != null">
 		shoppingtrolleyId = #{shoppingtrolleyId}
 		</if>
 		<if test="goodsId!= null">
 		and goodsId = #{goodsId}
 		</if>
 	</where>
 </update>
 
 
 <!-- void deleteGoods(@Param("goodsId") int goodsId, @Param("shoppingtrolleyId") int shoppingtrolleyId) -->
 <delete id="deleteGoods">
 	delete from goodsinshoppingtrolley
 	<where>
 		<if test="shoppingtrolleyId != null">
 		shoppingtrolleyId = #{shoppingtrolleyId}
 		</if>
 		<if test="goodsId!= null">
 		and goodsId = #{goodsId}
 		</if>
 	</where>
 </delete>
 
 	
 
</mapper>
